<freeStyleBuild><action><parameter><name>BUILDSCRIPT</name><value>D:\buuteeqGit\web\BuildScript</value></parameter><parameter><name>PROJECT</name><value>web</value></parameter><parameter><name>MINOR-BUILD</name><value>0</value></parameter></action><action><cause><shortDescription>Started by upstream project "PARIS and ROME - (3) Checkout Google App Engine DEVELOP" build number 1,456</shortDescription><upstreamBuild>1456</upstreamBuild><upstreamProject>PARIS and ROME - (3) Checkout Google App Engine DEVELOP</upstreamProject><upstreamUrl>job/PARIS%20and%20ROME%20-%20(3)%20Checkout%20Google%20App%20Engine%20DEVELOP/</upstreamUrl></cause></action><action></action><action><failCount>0</failCount><skipCount>0</skipCount><totalCount>453</totalCount><urlName>testReport</urlName></action><building>false</building><duration>487930</duration><estimatedDuration>476821</estimatedDuration><fullDisplayName>PARIS and ROME - (4) Build LookEngine #1460</fullDisplayName><id>2014-07-15_09-02-57</id><keepLog>false</keepLog><number>1460</number><result>SUCCESS</result><timestamp>1405440177687</timestamp><url>http://jenkins.buuteeq.com/job/PARIS%20and%20ROME%20-%20(4)%20Build%20LookEngine/1460/</url><builtOn>Build</builtOn><changeSet></changeSet></freeStyleBuild>